{"cameraMode":{"drawMode":0,"name":"Shaded","section":"Shading Mode"},"sceneLighting":false,"audioPlay":false,"sceneViewState":{"m_AlwaysRefresh":false,"showFog":true,"showSkybox":false,"showFlares":true,"showImageEffects":true,"showParticleSystems":true,"showVisualEffectGraphs":true,"m_FxEnabled":true},"in2DMode":false,"pivot":{"x":-1.3542094230651856,"y":0.6747760772705078,"z":0.4489056468009949},"rotation":{"x":-0.051359519362449649,"y":0.9482536315917969,"z":-0.23508073389530183,"w":-0.20717374980449677},"size":1.571068525314331,"orthographic":false}