{"cameraMode":{"drawMode":0,"name":"Shaded","section":"Shading Mode"},"sceneLighting":false,"audioPlay":false,"sceneViewState":{"m_AlwaysRefresh":false,"showFog":true,"showSkybox":false,"showFlares":true,"showImageEffects":true,"showParticleSystems":true,"showVisualEffectGraphs":true,"m_FxEnabled":true},"in2DMode":false,"pivot":{"x":-0.006699323654174805,"y":0.890364408493042,"z":0.0008130669593811035},"rotation":{"x":0.04987787455320358,"y":0.9389397501945496,"z":-0.3034723401069641,"w":0.1543220579624176},"size":1.8567692041397095,"orthographic":false}