{"cameraMode":{"drawMode":0,"name":"Shaded","section":"Shading Mode"},"sceneLighting":true,"audioPlay":false,"sceneViewState":{"m_AlwaysRefresh":false,"showFog":true,"showSkybox":true,"showFlares":true,"showImageEffects":true,"showParticleSystems":true,"showVisualEffectGraphs":true,"m_FxEnabled":true},"in2DMode":false,"pivot":{"x":-0.5400000810623169,"y":0.23000001907348634,"z":3.0399999618530275},"rotation":{"x":0.17632518708705903,"y":-0.6231391429901123,"z":0.1469559222459793,"w":0.7476729154586792},"size":5.542719841003418,"orthographic":true}