{"cameraMode":{"drawMode":0,"name":"Shaded","section":"Shading Mode"},"sceneLighting":true,"audioPlay":false,"sceneViewState":{"m_AlwaysRefresh":false,"showFog":true,"showSkybox":true,"showFlares":true,"showImageEffects":true,"showParticleSystems":true,"showVisualEffectGraphs":true,"m_FxEnabled":true},"in2DMode":false,"pivot":{"x":99.21395874023438,"y":444.3194885253906,"z":503.62286376953127},"rotation":{"x":-0.015575652942061425,"y":0.05516520515084267,"z":0.0008606690098531544,"w":0.99835604429245},"size":652.3912353515625,"orthographic":false}