{"cameraMode":{"drawMode":0,"name":"Shaded","section":"Shading Mode"},"sceneLighting":false,"audioPlay":false,"sceneViewState":{"m_AlwaysRefresh":false,"showFog":true,"showSkybox":false,"showFlares":true,"showImageEffects":true,"showParticleSystems":true,"showVisualEffectGraphs":true,"m_FxEnabled":true},"in2DMode":false,"pivot":{"x":-0.05616822838783264,"y":1.1442071199417115,"z":0.05124998092651367},"rotation":{"x":0.03302941471338272,"y":0.9609859585762024,"z":-0.13171105086803437,"w":0.2409839630126953},"size":1.8634670972824097,"orthographic":false}